{"cameraMode":{"drawMode":0,"name":"Shaded","section":"Shading Mode"},"sceneLighting":true,"audioPlay":false,"sceneViewState":{"m_AlwaysRefresh":false,"showFog":true,"showSkybox":true,"showFlares":true,"showImageEffects":true,"showParticleSystems":true,"showVisualEffectGraphs":true,"m_FxEnabled":true},"in2DMode":false,"pivot":{"x":0.7661237716674805,"y":-1.85011625289917,"z":-0.021941423416137697},"rotation":{"x":0.5310360789299011,"y":-0.000026457963031134568,"z":-0.0000307618138322141,"w":0.8473687767982483},"size":9.5527925491333,"orthographic":false}