{"cameraMode":{"drawMode":0,"name":"Shaded","section":"Shading Mode"},"sceneLighting":true,"audioPlay":false,"sceneViewState":{"m_AlwaysRefresh":false,"showFog":true,"showSkybox":true,"showFlares":true,"showImageEffects":true,"showParticleSystems":true,"showVisualEffectGraphs":true,"m_FxEnabled":true},"in2DMode":false,"pivot":{"x":581.990966796875,"y":270.3052978515625,"z":0.578369140625},"rotation":{"x":-0.007190386299043894,"y":0.0014954658690840006,"z":0.00001081497066479642,"w":0.9999855756759644},"size":300.6361389160156,"orthographic":false}